{"cameraMode":{"drawMode":0,"name":"Shaded","section":"Shading Mode"},"sceneLighting":true,"audioPlay":false,"sceneViewState":{"showFog":true,"showMaterialUpdate":false,"showSkybox":true,"showFlares":true,"showImageEffects":true,"showParticleSystems":true},"in2DMode":false,"pivot":{"x":0.6291636824607849,"y":-7.380917072296143,"z":-6.078132629394531},"rotation":{"x":0.060247939079999927,"y":0.9337924718856812,"z":-0.18880803883075715,"w":0.2980864942073822},"size":15.837347984313965,"orthographic":false}